{
  "summary": {
    "p_tag": "fp16",
    "q_tag": "turboquant_k3v4_nc",
    "p_kv": [
      "f16",
      "f16"
    ],
    "q_kv": [
      "turboquant_k3v4_nc",
      "turboquant_k3v4_nc"
    ],
    "n_prompts": 1,
    "agreement_total": 0.109375,
    "agreement_min_per_prompt": 0.109375,
    "n_prompts_full_agreement": 0,
    "kl_mean_of_means": 0.07373284823075756,
    "kl_max_overall": 0.24786626984239496,
    "kl_p50_of_p50s": 0.02867593943637543,
    "ce_qpicksp_mean": 0.5028442087849336,
    "ce_baseline_mean": 0.2938652372452548
  },
  "per_prompt": [
    {
      "prompt_idx": 0,
      "n_compared": 64,
      "n_token_agreement": 7,
      "kl_mean": 0.07373284823075756,
      "kl_max": 0.24786626984239496,
      "kl_p50": 0.02867593943637543,
      "ce_qpicksp_mean": 0.5028442087849336
    }
  ]
}