{
  "summary": {
    "p_tag": "fp16",
    "q_tag": "turboquant_k8v4",
    "p_kv": [
      "f16",
      "f16"
    ],
    "q_kv": [
      "turboquant_k8v4",
      "turboquant_k8v4"
    ],
    "n_prompts": 1,
    "agreement_total": 0.203125,
    "agreement_min_per_prompt": 0.203125,
    "n_prompts_full_agreement": 0,
    "kl_mean_of_means": 0.01655723743484955,
    "kl_max_overall": 0.07165689834314684,
    "kl_p50_of_p50s": 0.008515125756540953,
    "ce_qpicksp_mean": 0.6502325884424701,
    "ce_baseline_mean": 0.39977895101343763
  },
  "per_prompt": [
    {
      "prompt_idx": 0,
      "n_compared": 64,
      "n_token_agreement": 13,
      "kl_mean": 0.01655723743484955,
      "kl_max": 0.07165689834314684,
      "kl_p50": 0.008515125756540953,
      "ce_qpicksp_mean": 0.6502325884424701
    }
  ]
}